{"train_loss":222.08413941159893,"val_loss":1145.579419595224,"val_r2":0.3228708576352216,"best_r2":0.3228708576352216,"_wandb":{"runtime":361},"_runtime":361.539565812,"_timestamp":1.7624399820066817e+09,"_step":15}