State,N,N_missions,Green_mean,Green_std,Green_nonzero,Green_nonzero_pct,Dead_mean,Dead_std,Dead_nonzero,Dead_nonzero_pct,Clover_mean,Clover_std,Clover_nonzero,Clover_nonzero_pct,GDM_mean,GDM_std,GDM_nonzero,GDM_nonzero_pct,Total_mean,Total_std,Total_nonzero,Total_nonzero_pct
NSW,75,6,56.55931333333333,31.22811470621761,75,100.0,14.203378666666667,15.625313005818764,68,90.66666666666666,0.13464133333333334,1.1660281506607522,1,1.3333333333333335,56.69395466666666,31.26379396284831,75,100.0,70.89733333333334,35.578451470082406,75,100.0
Tas,138,10,15.327257246376814,13.107406489845982,136,98.55072463768117,15.231128260869566,12.431223515174683,138,100.0,6.239965942028985,11.614678968477879,95,68.84057971014492,21.567222463768115,14.361262720091055,138,100.0,36.79835144927536,20.696163069132453,138,100.0
Vic,112,11,25.449273214285718,16.01642698725327,112,100.0,10.113878571428573,8.856830844637809,111,99.10714285714286,7.106464285714286,9.571357622096478,98,87.5,32.55573571428572,20.92985569591597,112,100.0,42.66685714285715,20.88546770055532,112,100.0
WA,32,3,9.299915625,18.78954166788277,16,50.0,0.0,0.0,0,0.0,22.087584375,20.214792000447616,28,87.5,31.387500000000003,19.615652407066115,32,100.0,31.387500000000003,19.615652407066115,32,100.0
