{"best_r2":0.5137385583562147,"_timestamp":1.7624494990721476e+09,"_step":11,"_wandb":{"runtime":279},"_runtime":279.227596906,"train_loss":372.31810188293457,"val_loss":227.139504132952,"val_r2":0.5097254582144313}