{"_wandb":{"runtime":343},"val_loss":366.1686979213231,"val_r2":0.5399617485061847,"best_r2":0.5414917480751864,"_timestamp":1.7622760743110814e+09,"_step":15,"train_loss":263.5432700610661,"_runtime":343.321885637}