{"val_loss":417.4588374861752,"val_r2":0.510253281624474,"best_r2":0.510253281624474,"_timestamp":1.7624461343140235e+09,"_step":15,"_wandb":{"runtime":345},"_runtime":345.496810135,"train_loss":295.77281295644104}