{"_timestamp":1.7624500334260738e+09,"_runtime":349.671061973,"_wandb":{"runtime":349},"_step":15,"train_loss":222.81520308260275,"val_loss":468.6090961624594,"val_r2":0.5687118763028629,"best_r2":0.5687118763028629}