{"_wandb":{"runtime":338},"_runtime":338.274631873,"val_r2":0.6342489813479799,"best_r2":0.6342489813479799,"_timestamp":1.7622145332042212e+09,"_step":15,"train_loss":286.86739658475756,"val_loss":276.2866937610465}