{"train_loss":295.4969140315216,"val_loss":148.2591373637571,"val_r2":0.6613139459777913,"best_r2":0.6696268451597465,"_timestamp":1.762435281254964e+09,"_step":15,"_wandb":{"runtime":340},"_runtime":340.3903009}