{"fold_0/train_loss":1023.2408222934656,"fold_0/val_loss":575.700944158766,"fold_3/r2_gdm":-0.539741039276123,"fold_1/r2_dead":-0.2823375463485718,"fold_3/r2_clover":-0.061202287673950195,"fold_4/r2_total":-0.7144231796264648,"_runtime":82.355003967,"fold_0/r2_clover":-0.3783944845199585,"fold_3/val_loss":637.2645247553436,"fold_1/val_loss":877.3477823469374,"fold_1/r2_clover":-0.1990962028503418,"_timestamp":1.762200487058866e+09,"fold_1_best_r2":-0.644560945034027,"fold_2_best_r2":-0.5322046637535096,"fold_0/r2_gdm":-0.6746295690536499,"fold_2/r2_gdm":-0.6318690776824951,"_step":1,"fold_4/train_loss":935.0273712798432,"fold_4/r2_green":-0.14593195915222168,"fold_1/r2_gdm":-0.5639010667800903,"fold_1/r2_total":-0.9190448522567749,"fold_3/r2_total":-0.7503694295883179,"fold_2/r2_dead":-0.15643179416656494,"fold_4/r2_clover":-0.29029059410095215,"fold_0/r2_dead":-0.209894061088562,"fold_2/val_r2":-0.5322046637535096,"fold_2/r2_green":-0.47037458419799805,"fold_2/r2_clover":-0.045926690101623535,"fold_1/r2_green":-0.24114930629730225,"fold_4/r2_gdm":-0.372869610786438,"fold_3/train_loss":967.7108739572806,"fold_1/train_loss":933.1502690900836,"fold_4/val_r2":-0.5161786794662475,"fold_2/val_loss":791.4868387571523,"fold_0/val_r2":-0.6803188562393189,"fold_3/r2_dead":-0.3454103469848633,"fold_0_best_r2":-0.6803188562393189,"fold_0/r2_total":-0.9542907476425171,"fold_0/r2_green":-0.09418714046478271,"fold_3/val_r2":-0.5610531330108642,"fold_2/r2_total":-0.6771150827407837,"fold_4/r2_dead":-0.40770912170410156,"fold_2/train_loss":938.4463483903792,"fold_3/r2_green":-0.37258946895599365,"cv_std":0.06436304226929766,"fold_1/val_r2":-0.644560945034027,"cv_mean":-0.5868632555007934,"_wandb":{"runtime":82},"fold_4/val_loss":650.2356361066792,"fold_3_best_r2":-0.5610531330108642,"fold_4_best_r2":-0.5161786794662475}