sample_id,target
ID1001187975__Dry_Clover_g,1.3409214
ID1001187975__Dry_Dead_g,29.257664
ID1001187975__Dry_Green_g,27.118078
ID1001187975__Dry_Total_g,57.716663
ID1001187975__GDM_g,28.459
