sample_id,target
ID1001187975__Dry_Clover_g,0.0
ID1001187975__Dry_Dead_g,25.560127
ID1001187975__Dry_Green_g,20.490091
ID1001187975__Dry_Total_g,45.83542
ID1001187975__GDM_g,20.275291
