sample_id,target
ID1001187975__Dry_Clover_g,0.29056813059292785
ID1001187975__Dry_Dead_g,35.12090610284222
ID1001187975__Dry_Green_g,30.364160129646965
ID1001187975__Dry_Total_g,66.2347573045193
ID1001187975__GDM_g,31.113849294328446
