{"val_loss":505.91495783188765,"val_r2":0.5343771272906415,"best_r2":0.5343771272906415,"_timestamp":1.762448333105759e+09,"_step":15,"_wandb":{"runtime":351},"_runtime":351.350814163,"train_loss":267.90725148342887}