{"train_loss":442.2931914011637,"val_loss":266.2806988858629,"val_r2":0.26132738830166136,"best_r2":0.34136309561241507,"_timestamp":1.7624405299820826e+09,"_step":8,"_wandb":{"runtime":208},"_runtime":208.940600746}