{"val_r2":0.3486255041824392,"best_r2":0.3658551480293619,"_timestamp":1.7624471313765712e+09,"_step":14,"train_loss":378.5727314737108,"val_loss":234.81100303825292,"_wandb":{"runtime":347},"_runtime":347.633344768}