{"_step":15,"train_loss":306.34960526750797,"val_loss":210.28499216503567,"_wandb":{"runtime":338},"_runtime":338.182202244,"val_r2":0.670110362284128,"best_r2":0.670110362284128,"_timestamp":1.7622747017814953e+09}