{"_runtime":350.192688714,"_step":14,"train_loss":318.0291499417578,"val_loss":217.76720036687078,"val_r2":0.6149613982440136,"best_r2":0.668789985268757,"_timestamp":1.7624392446417758e+09,"_wandb":{"runtime":350}}