{"_wandb":{"runtime":350},"_runtime":350.153389658,"_step":15,"train_loss":332.93358460535984,"val_loss":259.67543116978237,"val_r2":0.4394975233204368,"best_r2":0.4537321191436886,"_timestamp":1.762453873299947e+09}