{"val_r2":0.5354636485153984,"best_r2":0.5354636485153984,"_timestamp":1.762214873867676e+09,"_wandb":{"runtime":338},"_runtime":338.43049738,"_step":15,"train_loss":279.87840266994664,"val_loss":369.7489560086962}