{"best_r2":0.6120069752335261,"_timestamp":1.7624510853286457e+09,"_wandb":{"runtime":353},"_runtime":353.734441609,"_step":15,"train_loss":291.73053619902015,"val_loss":249.25233434861707,"val_r2":0.6074014972386772}