{"_step":15,"train_loss":288.40941237011094,"val_loss":449.3986018996641,"val_r2":0.4727827777229835,"best_r2":0.4727827777229835,"_timestamp":1.762444639232683e+09,"_wandb":{"runtime":347},"_runtime":347.668443904}