{"train_loss":422.37903896131013,"val_loss":283.46244700749713,"val_r2":0.5553114753052419,"best_r2":0.5676128437804412,"_timestamp":1.762213508835645e+09,"_step":15,"_wandb":{"runtime":335},"_runtime":335.672928349}