{"_runtime":338.497207869,"train_loss":286.3689686725014,"val_loss":452.6359370019701,"val_r2":0.49406622332491223,"best_r2":0.4957583772108659,"_timestamp":1.7622750425823991e+09,"_step":15,"_wandb":{"runtime":338}}