{"best_r2":0.4610767399954552,"_timestamp":1.7624373961694e+09,"_step":8,"_wandb":{"runtime":198},"_runtime":198.147632405,"train_loss":414.0871146237409,"val_loss":279.79341704269933,"val_r2":0.22384260327731698}