{"train_loss":320.88012340836605,"val_loss":269.5486169630481,"val_r2":0.5754327235693975,"best_r2":0.5754327235693975,"_wandb":{"runtime":353},"_runtime":353.74023326,"_timestamp":1.7624535212291574e+09,"_step":15}