{"val_r2":0.3548626419154829,"best_r2":0.3791500041417645,"_timestamp":1.762450388265978e+09,"_runtime":352.548877554,"_wandb":{"runtime":352},"_step":15,"train_loss":251.3238073277147,"val_loss":724.31018846952}