{"train_loss":267.44594646940294,"val_loss":150.08285949189784,"val_r2":0.6571478026703874,"best_r2":0.6867002305632106,"_timestamp":1.762440318588009e+09,"_wandb":{"runtime":359},"_runtime":359.020492075,"_step":14}