{"_timestamp":1.7624492174573748e+09,"_step":8,"train_loss":486.10945946644927,"val_loss":438.40231593962636,"val_r2":0.30947047431554886,"_wandb":{"runtime":211},"_runtime":211.181750068,"best_r2":0.4277093018595465}