{"_step":15,"train_loss":285.62853918284395,"val_loss":436.3912298363375,"val_r2":0.48804252676641446,"_wandb":{"runtime":334},"_runtime":334.874806869,"best_r2":0.49800155478641506,"_timestamp":1.7624365283007522e+09}