{"_timestamp":1.7624464955965543e+09,"_step":15,"train_loss":232.77037179902834,"_wandb":{"runtime":359},"_runtime":359.557275782,"val_loss":1222.4326298678363,"val_r2":0.27744445565147224,"best_r2":0.2816277596640838}