{"val_r2":0.6149515066071605,"best_r2":0.6180566649852917,"_timestamp":1.7624457630526304e+09,"_step":14,"_wandb":{"runtime":345},"_runtime":345.481760124,"train_loss":336.4407990795985,"val_loss":217.77279286771207}