{"val_r2":0.4600218468146585,"best_r2":0.5163664269216617,"_timestamp":1.762451437657473e+09,"_step":15,"_wandb":{"runtime":349},"_runtime":349.785848614,"train_loss":273.6446329708299,"val_loss":250.16670619419642}