{"best_r2":0.6562425493704565,"_timestamp":1.7622753865212228e+09,"_step":15,"train_loss":298.48722024397415,"val_loss":316.6601447521801,"_wandb":{"runtime":341},"_runtime":341.841840967,"val_r2":0.6557319469906497}