{"val_r2":0.3938735699726953,"_wandb":{"runtime":353},"_runtime":353.127021229,"best_r2":0.41107801246974496,"_timestamp":1.7624528215067499e+09,"_step":15,"train_loss":267.9936580690619,"val_loss":680.5117455115685}