{"_timestamp":1.7624486872855122e+09,"_step":15,"train_loss":247.13126665272125,"_wandb":{"runtime":351},"_runtime":351.437803524,"val_loss":683.3814596909743,"val_r2":0.39131754406249075,"best_r2":0.4059991976365218}