{"val_loss":583.9126746794757,"_runtime":349.551832078,"_wandb":{"runtime":349},"val_r2":0.46259129772826957,"best_r2":0.46259129772826957,"_timestamp":1.762452466333123e+09,"_step":15,"train_loss":319.78957260686224}