{"_runtime":338.1149184,"_step":15,"train_loss":388.56549432142725,"val_loss":283.8824158336805,"val_r2":0.5060378208603735,"best_r2":0.5060378208603735,"_timestamp":1.7624490276463838e+09,"_wandb":{"runtime":338}}