{"val_r2":0.6566446245835384,"best_r2":0.6597751929618343,"_timestamp":1.7624372177983482e+09,"_step":15,"train_loss":339.97027081611174,"val_loss":150.30312450861527,"_wandb":{"runtime":341},"_runtime":341.026026349}