{"val_r2":0.6258271953207277,"_wandb":{"runtime":340},"_runtime":340.1941453,"best_r2":0.6258271953207277,"_timestamp":1.7622757289442806e+09,"_step":15,"train_loss":299.1150177108658,"val_loss":282.64847811846664}