{"_runtime":338.448932023,"_step":15,"train_loss":285.34202810254016,"val_loss":455.28451453314887,"val_r2":0.49110577618944873,"best_r2":0.49191281491791905,"_timestamp":1.762213849105608e+09,"_wandb":{"runtime":338}}