{"_wandb":{"runtime":339},"_runtime":339.28753819,"val_loss":253.06186290409255,"val_r2":0.5596663203865229,"best_r2":0.5596663203865229,"_timestamp":1.7624507298231997e+09,"_step":15,"train_loss":338.5914049256523}