{"val_r2":0.5963349288674913,"best_r2":0.5963349288674913,"_timestamp":1.7624531655914986e+09,"_wandb":{"runtime":341},"_runtime":341.974322983,"_step":15,"train_loss":322.68598068525205,"val_loss":231.98823605413023}