{"best_r2":0.31273018413631093,"_timestamp":1.7624349389975395e+09,"_wandb":{"runtime":342},"_runtime":342.935596698,"_step":15,"train_loss":217.2180963491056,"val_loss":1162.73559556184,"val_r2":0.31273018413631093}