{"val_loss":339.02569229502075,"val_r2":0.6314164550264645,"best_r2":0.6314164550264645,"_timestamp":1.7622141925418327e+09,"_step":15,"train_loss":310.0165735658232,"_wandb":{"runtime":341},"_runtime":341.064452898}