{"_timestamp":1.7624442662355447e+09,"_step":14,"train_loss":318.0291499417578,"_wandb":{"runtime":347},"_runtime":347.632596255,"val_loss":217.76720036687078,"val_r2":0.6149613982440136,"best_r2":0.668789985268757}