{"_wandb":{"runtime":197},"_runtime":197.95981089,"_timestamp":1.762435459875788e+09,"_step":8,"train_loss":393.3548694610596,"val_loss":224.26568866598194,"val_r2":0.3778785881508263,"best_r2":0.46072497763894604}