{"best_r2":0.31646044681235075,"_wandb":{"runtime":343},"_runtime":343.196943542,"_timestamp":1.7624368741717696e+09,"_step":15,"train_loss":234.74075122871022,"val_loss":1156.4246904585098,"val_r2":0.31646044681235075}