{"best_r2":0.7029682011892889,"_timestamp":1.762446781248382e+09,"_step":12,"_wandb":{"runtime":307},"_runtime":307.087896292,"train_loss":337.00973320007324,"val_loss":176.1909901247186,"val_r2":0.5975058775317139}