{"val_r2":0.47098186828693456,"best_r2":0.47098186828693456,"_timestamp":1.7624345934652858e+09,"_step":15,"_wandb":{"runtime":332},"_runtime":332.076125027,"train_loss":313.3280879180797,"val_loss":450.93369279424826}