{"_step":14,"train_loss":335.59277083258746,"val_loss":255.66054122512406,"val_r2":0.5479614126299552,"best_r2":0.6235771815876422,"_timestamp":1.7624342370223227e+09,"_wandb":{"runtime":335},"_runtime":335.617480214}