{"_step":15,"_wandb":{"runtime":347},"_runtime":347.977010758,"train_loss":288.40941237011094,"val_loss":449.3986018996641,"val_r2":0.4727827777229835,"best_r2":0.4727827777229835,"_timestamp":1.762439617860206e+09}