{"best_r2":0.6336838132403643,"_timestamp":1.762436191858306e+09,"_step":15,"train_loss":313.79725047809075,"_wandb":{"runtime":331},"_runtime":331.836701834,"val_loss":211.85640128883156,"val_r2":0.6254124003864832}